,Car_name,fueltypes,aspiration,doornumbers,carbody,drivewheels,cylindernumber,wheelbase,carlength,carwidth,carheight,curbweight,enginesize,boreratio,stroke,compressionratio,horsepower,peakrpm,avg_mpg,price,Estimated price,Residual
1,alfa-romero,#NAME?,#NAME?,-0.366512921,0.32663426,-0.366512921,0.32663426,1.500544911,1.634855059,1.425621887,1.35782552,2.059629576,1.582587536,0.218456258,-0.014284748,0.787195008,1.549588158,2.142086849,1.264397686,2.252351713,2.246603831,0.005747882
2,alfa-romero,#NAME?,#NAME?,-0.366512921,0.32663426,-0.366512921,0.32663426,1.500544911,1.634855059,1.425621887,1.35782552,2.059629576,1.582587536,0.218456258,-0.014284748,0.787195008,1.549588158,2.142086849,1.264397686,2.273271174,2.246603831,0.026667343
3,alfa-romero,#NAME?,#NAME?,-0.366512921,#NAME?,-0.366512921,0.583198081,1.514819457,1.637603991,1.430801591,1.375967874,2.072612707,1.614202647,-0.014284748,0.218456258,0.787195008,1.616801257,2.142086849,1.242924992,2.273271174,2.278517211,-0.005246038
4,audi,#NAME?,#NAME?,0.32663426,-0.366512921,#NAME?,0.32663426,1.526744802,1.643624299,1.433340258,1.38492448,2.048547102,1.545719936,0.148438037,0.201940696,0.834032445,1.531470493,2.153215028,1.298435802,2.255832504,2.225046862,0.030785642
5,audi,#NAME?,#NAME?,0.32663426,-0.366512921,0.094047828,0.475884995,1.525871963,1.643624299,1.43405949,1.38492448,2.07265728,1.591814506,0.148438037,0.201940696,0.732099368,1.557077128,2.153215028,1.214109998,2.279019076,2.265811007,0.013208069
6,audi,#NAME?,#NAME?,-0.366512921,-0.366512921,#NAME?,0.475884995,1.526744802,1.644388601,1.43370021,1.379314289,2.057559121,1.591814506,0.148438037,0.201940696,0.760836746,1.547664709,2.153215028,1.238370621,2.265125645,2.246434187,0.018691458
7,audi,#NAME?,#NAME?,0.32663426,-0.366512921,#NAME?,0.475884995,1.539348122,1.660346702,1.451215122,1.391276964,2.07354504,1.591814506,0.148438037,0.201940696,0.760836746,1.547664709,2.153215028,1.238370621,2.280532178,2.263662771,0.016869407
8,audi,#NAME?,#NAME?,0.32663426,0.094047828,#NAME?,0.475884995,1.539348122,1.660346702,1.451215122,1.391276964,2.078305329,1.591814506,0.148438037,0.201940696,0.760836746,1.547664709,2.153215028,1.238370621,2.287265834,2.2687931,0.018472734
9,audi,#NAME?,-0.366512921,0.32663426,-0.366512921,#NAME?,0.475884995,1.539348122,1.660346702,1.451215122,1.392168172,2.083761078,1.58416058,0.131933996,0.201940696,0.74964826,1.59769775,2.153215028,1.192660116,2.310611511,2.285931703,0.024679808
10,audi,#NAME?,-0.366512921,-0.366512921,#NAME?,0.094047828,0.475884995,1.526090573,1.645366002,1.439369625,1.374030395,2.082422095,1.58416058,0.131933996,0.201940696,0.665729811,1.624360774,2.153215028,1.192660116,2.281389261,2.289690072,-0.008300811
11,bmw,#NAME?,#NAME?,-0.366512921,-0.366512921,-0.366512921,0.32663426,1.529766533,1.64384304,1.428229081,1.38492448,2.051702666,1.543753397,0.225351487,0.029189236,0.776914507,1.529337982,2.159362688,1.28767246,2.272833286,2.228365352,0.044467934
12,bmw,#NAME?,#NAME?,0.32663426,-0.366512921,-0.366512921,0.32663426,1.529766533,1.64384304,1.428229081,1.38492448,2.051702666,1.543753397,0.225351487,0.029189236,0.776914507,1.529337982,2.159362688,1.28767246,2.275886547,2.228365352,0.047521195
13,bmw,#NAME?,#NAME?,-0.366512921,-0.366512921,-0.366512921,0.583198081,1.529766533,1.64384304,1.428229081,1.38492448,2.067458014,1.629214349,0.179775142,0.148438037,0.787195008,1.567738563,2.122821174,1.268452966,2.297657786,2.263805752,0.033852034
14,bmw,#NAME?,#NAME?,0.32663426,-0.366512921,-0.366512921,0.583198081,1.529766533,1.64384304,1.428229081,1.38492448,2.069996567,1.629214349,0.179775142,0.148438037,0.787195008,1.567738563,2.122821174,1.268452966,2.298302461,2.266541639,0.031760822
15,bmw,#NAME?,#NAME?,0.32663426,-0.366512921,-0.366512921,0.583198081,1.534622037,1.656654843,1.435845894,1.391276964,2.082503707,1.629214349,0.179775142,0.148438037,0.787195008,1.567738563,2.122821174,1.247388578,2.313433827,2.281122684,0.032311143
16,bmw,#NAME?,#NAME?,0.32663426,-0.366512921,-0.366512921,0.583198081,1.534622037,1.656654843,1.435845894,1.391276964,2.089421255,1.675662683,0.251905163,0.199530891,0.732099368,1.649428846,2.151082232,1.192660116,2.335436568,2.312791873,0.022644694
17,bmw,#NAME?,#NAME?,-0.366512921,-0.366512921,-0.366512921,0.583198081,1.534622037,1.661428037,1.439369625,1.38213899,2.095023385,1.675662683,0.251905163,0.199530891,0.732099368,1.649428846,2.151082232,1.192660116,2.363584318,2.318829485,0.044754834
18,bmw,#NAME?,#NAME?,0.32663426,-0.366512921,-0.366512921,0.583198081,1.547664709,1.664532681,1.44956734,1.393938702,2.099482596,1.675662683,0.251905163,0.199530891,0.732099368,1.649428846,2.151082232,1.169032176,2.352843196,2.324871068,0.027972128
19,chevrolet,#NAME?,#NAME?,-0.366512921,#NAME?,#NAME?,0.094047828,1.50004081,1.59928027,1.410824059,1.379787839,1.98858481,1.413635625,0.065931065,0.103064239,0.811504184,1.353564798,2.144409168,1.457983522,2.145574044,2.101973381,0.043600663
20,chevrolet,#NAME?,#NAME?,-0.366512921,#NAME?,#NAME?,0.32663426,1.514819457,1.619232741,1.423737888,1.374030395,2.01966904,1.5040351,0.103064239,0.126300196,0.816144641,1.44656486,2.151082232,1.407560699,2.168769197,2.166793263,0.001975934
21,chevrolet,#NAME?,#NAME?,0.32663426,-0.366512921,#NAME?,0.32663426,1.514819457,1.622876321,1.423737888,1.374030395,2.022121547,1.5040351,0.103064239,0.126300196,0.816144641,1.44656486,2.151082232,1.407560699,2.173731867,2.169436415,0.004295452
22,dodge,#NAME?,#NAME?,-0.366512921,#NAME?,#NAME?,0.32663426,1.512948639,1.621001755,1.424493685,1.368104004,2.019810576,1.5040351,0.084857516,0.159122986,0.80726705,1.439718464,2.153215028,1.399157512,2.154724014,2.166049687,-0.011325672
23,dodge,#NAME?,#NAME?,-0.366512921,#NAME?,#NAME?,0.32663426,1.512948639,1.621001755,1.424493685,1.368104004,2.019810576,1.5040351,0.084857516,0.159122986,0.806792641,1.439718464,2.153215028,1.364054633,2.170247621,2.16788556,0.002362061
24,dodge,#NAME?,-0.366512921,-0.366512921,#NAME?,#NAME?,0.32663426,1.512948639,1.621001755,1.424493685,1.368104004,2.036395442,1.522783013,0.103064239,0.199530891,0.707123183,1.531470493,2.153215028,1.298435802,2.195201123,2.209276368,-0.014075245
25,dodge,#NAME?,#NAME?,0.32663426,#NAME?,#NAME?,0.32663426,1.512948639,1.621001755,1.424493685,1.367099201,2.026075682,1.5040351,0.084857516,0.159122986,0.806792641,1.439718464,2.153215028,1.364054633,2.167563572,2.174637684,-0.007074112
26,dodge,#NAME?,#NAME?,0.32663426,-0.366512921,#NAME?,0.32663426,1.512948639,1.621001755,1.424493685,1.367099201,2.027541126,1.5040351,0.084857516,0.159122986,0.806792641,1.439718464,2.153215028,1.364054633,2.175736244,2.176217044,-0.0004808
27,dodge,#NAME?,#NAME?,0.32663426,-0.366512921,#NAME?,0.32663426,1.512948639,1.621001755,1.424493685,1.367099201,2.027541126,1.5040351,0.084857516,0.159122986,0.806792641,1.439718464,2.153215028,1.364054633,2.190209701,2.176217044,0.013992657
28,dodge,#NAME?,-0.366512921,-0.366512921,-0.366512921,#NAME?,0.32663426,1.512948639,1.621001755,1.424493685,1.367099201,2.040195562,1.522783013,0.103064239,0.199530891,0.707123183,1.531470493,2.153215028,1.298435802,2.203275323,2.213371891,-0.010096568
29,dodge,#NAME?,#NAME?,0.32663426,0.094047828,#NAME?,0.32663426,1.53420505,1.641420502,1.427487745,1.408790823,2.058977182,1.569453285,0.187284892,0.216133912,0.760836746,1.499028409,2.142086849,1.298435802,2.207852712,2.232725983,-0.02487327
30,dodge,#NAME?,-0.366512921,-0.366512921,#NAME?,#NAME?,0.32663426,1.518047357,1.639859836,1.43370021,1.365074562,2.072076432,1.619359729,0.247589379,0.308202496,0.665729811,1.604773801,2.142086849,1.233722036,2.248121681,2.276675505,-0.028553825
31,honda,#NAME?,#NAME?,-0.366512921,#NAME?,#NAME?,0.32663426,1.495440162,1.604218577,1.424870482,1.368104004,2.007677177,1.508907618,0.065931065,0.204337657,0.816144641,1.401292084,2.137282433,1.46573689,2.172057351,2.142562858,0.029494493
32,honda,#NAME?,#NAME?,-0.366512921,#NAME?,#NAME?,0.32663426,1.495440162,1.604218577,1.424870482,1.368104004,2.01570832,1.508907618,0.065931065,0.204337657,0.797148341,1.46573689,2.163267248,1.364054633,2.178464547,2.169108195,0.009356352
33,honda,#NAME?,#NAME?,-0.366512921,#NAME?,#NAME?,0.32663426,1.512948639,1.611562712,1.425246549,1.376929679,2.017019324,1.474636652,0.065931065,0.114825388,0.838344509,1.409606646,2.153215028,1.405493239,2.151060682,2.153408292,-0.00234761
34,honda,#NAME?,#NAME?,-0.366512921,#NAME?,#NAME?,0.32663426,1.512948639,1.611562712,1.425246549,1.376929679,2.02425162,1.508907618,0.065931065,0.204337657,0.797148341,1.46573689,2.163267248,1.348111486,2.172932917,2.17914943,-0.006216513
35,honda,#NAME?,#NAME?,-0.366512921,#NAME?,#NAME?,0.32663426,1.512948639,1.611562712,1.425246549,1.376929679,2.025335987,1.508907618,0.065931065,0.204337657,0.797148341,1.46573689,2.163267248,1.348111486,2.182891937,2.180318092,0.002573846
36,honda,#NAME?,#NAME?,0.32663426,-0.366512921,#NAME?,0.32663426,1.519413202,1.628495396,1.425246549,1.385844435,2.028922947,1.508907618,0.065931065,0.204337657,0.797148341,1.46573689,2.163267248,1.348111486,2.185483077,2.184183883,0.001299194
37,honda,#NAME?,#NAME?,0.32663426,0.094047828,#NAME?,0.32663426,1.519413202,1.620750196,1.424870482,1.402561848,2.029835117,1.508907618,0.06913757,0.204337657,0.797148341,1.46573689,2.163267248,1.348111486,2.185483077,2.185166961,0.000316116
38,honda,#NAME?,#NAME?,-0.366512921,#NAME?,#NAME?,0.32663426,1.519413202,1.633346481,1.429703279,1.380260275,2.042835107,1.547664709,0.137500651,0.243230687,0.787195008,1.49388054,2.159362688,1.327807078,2.194329828,2.210248404,-0.015918577
39,honda,#NAME?,#NAME?,-0.366512921,#NAME?,#NAME?,0.32663426,1.519413202,1.633346481,1.429703279,1.380260275,2.045867995,1.547664709,0.137500651,0.243230687,0.787195008,1.49388054,2.159362688,1.327807078,2.209974077,2.213517054,-0.003542977
40,honda,#NAME?,#NAME?,0.32663426,-0.366512921,#NAME?,0.32663426,1.519413202,1.642305619,1.429703279,1.384000278,2.046711978,1.547664709,0.137500651,0.243230687,0.787195008,1.49388054,2.159362688,1.327807078,2.206911684,2.214426644,-0.00751496
41,honda,#NAME?,#NAME?,0.32663426,-0.366512921,#NAME?,0.32663426,1.519413202,1.642305619,1.419527607,1.384000278,2.05046175,1.547664709,0.137500651,0.243230687,0.787195008,1.49388054,2.159362688,1.327807078,2.223478423,2.218467904,0.005010519
42,honda,#NAME?,#NAME?,0.32663426,-0.366512921,#NAME?,0.32663426,1.519413202,1.642305619,1.429703279,1.384000278,2.055398189,1.547664709,0.137500651,0.243230687,0.787195008,1.529337982,2.159362688,1.291320319,2.247966792,2.232613386,0.015353406
43,honda,#NAME?,#NAME?,-0.366512921,-0.366512921,#NAME?,0.32663426,1.519413202,1.635201221,1.43261833,1.369103856,2.046093666,1.547664709,0.137500651,0.243230687,0.792211402,1.527179626,2.153215028,1.308684643,2.224002666,2.221256373,0.002746293
44,isuzu,#NAME?,#NAME?,0.32663426,-0.366512921,-0.366512921,0.32663426,1.514353569,1.637035108,1.416800133,1.38120183,2.048547102,1.549588158,0.179775142,0.159122986,0.760836746,1.471716916,2.137282433,1.294907491,2.177301828,2.214025626,-0.036723798
45,isuzu,#NAME?,#NAME?,-0.366512921,-0.366512921,#NAME?,0.32663426,1.514819457,1.619232741,1.423737888,1.374030395,2.01966904,1.5040351,0.103064239,0.126300196,0.816144641,1.44656486,2.151082232,1.407560699,2.207797242,2.166793263,0.041003979
46,isuzu,#NAME?,#NAME?,0.32663426,-0.366512921,#NAME?,0.32663426,1.514819457,1.619232741,1.423737888,1.374030395,2.022121547,1.5040351,0.103064239,0.126300196,0.816144641,1.44656486,2.151082232,1.407560699,2.207797242,2.169436415,0.038360826
47,isuzu,#NAME?,#NAME?,-0.366512921,#NAME?,-0.366512921,0.32663426,1.51827572,1.639186362,1.429703279,1.371088885,2.068572818,1.56425716,0.209093519,0.159122986,0.797148341,1.5040351,2.142086849,1.294907491,2.231089596,2.243622954,-0.012533358
48,jaguar,#NAME?,#NAME?,0.32663426,-0.366512921,-0.366512921,0.583198081,1.553372792,1.667011364,1.445215077,1.377886915,2.117509547,1.714331044,0.254047195,0.356216064,0.738055564,1.6429663,2.136046318,1.162736073,2.340003541,2.347876269,-0.007872728
49,jaguar,#NAME?,#NAME?,0.32663426,-0.366512921,-0.366512921,0.583198081,1.553372792,1.667011364,1.445215077,1.377886915,2.117509547,1.714331044,0.254047195,0.356216064,0.738055564,1.6429663,2.136046318,1.162736073,2.34934419,2.347876269,0.00146792
50,jaguar,#NAME?,#NAME?,-0.366512921,-0.366512921,-0.366512921,0.910235093,1.531470493,1.659357277,1.448571768,1.352485643,2.114020592,1.75559629,0.23438155,0.015115857,0.892959477,1.717097793,2.142086849,1.121043137,2.350543885,2.365569381,-0.015025497
51,maxda,#NAME?,#NAME?,-0.366512921,#NAME?,#NAME?,0.32663426,1.511532689,1.62324869,1.425996499,1.384000278,2.020796567,1.506487713,0.103064239,0.137500651,0.787195008,1.439718464,2.142086849,1.339651376,2.146568729,2.170510434,-0.023941705
52,maxda,#NAME?,#NAME?,-0.366512921,#NAME?,#NAME?,0.32663426,1.511532689,1.62324869,1.425996499,1.384000278,2.021495796,1.506487713,0.103064239,0.137500651,0.787195008,1.439718464,2.142086849,1.364054633,2.165071386,2.169987732,-0.004916345
53,mazda,#NAME?,#NAME?,-0.366512921,#NAME?,#NAME?,0.32663426,1.511532689,1.62324869,1.425996499,1.384000278,2.021843849,1.506487713,0.103064239,0.137500651,0.787195008,1.439718464,2.142086849,1.364054633,2.177468746,2.170362841,0.007105905
54,mazda,#NAME?,#NAME?,0.32663426,-0.366512921,#NAME?,0.32663426,1.511532689,1.632528362,1.425996499,1.384000278,2.024591569,1.506487713,0.103064239,0.137500651,0.787195008,1.439718464,2.142086849,1.364054633,2.175787124,2.173324154,0.002462969
55,mazda,#NAME?,#NAME?,0.32663426,-0.366512921,#NAME?,0.32663426,1.511532689,1.632528362,1.425996499,1.384000278,2.02493053,1.506487713,0.117720453,0.137500651,0.787195008,1.439718464,2.142086849,1.364054633,2.187012542,2.173689465,0.013323077
56,mazda,#NAME?,#NAME?,-0.366512921,#NAME?,-0.366512921,-0.366512921,1.516671054,1.635085915,1.431530342,1.361999321,2.050894907,1.44656486,0.184795414,0.165677371,0.806792641,1.529337982,2.163267248,1.208931715,2.230083001,2.220281677,0.009801324
57,mazda,#NAME?,#NAME?,-0.366512921,#NAME?,-0.366512921,-0.366512921,1.516671054,1.635085915,1.431530342,1.361999321,2.050894907,1.44656486,0.184795414,0.165677371,0.806792641,1.529337982,2.163267248,1.208931715,2.238543634,2.220281677,0.018261957
58,mazda,#NAME?,#NAME?,-0.366512921,#NAME?,-0.366512921,-0.366512921,1.516671054,1.635085915,1.431530342,1.361999321,2.051164797,1.44656486,0.184795414,0.165677371,0.806792641,1.529337982,2.163267248,1.208931715,2.253513375,2.220572547,0.032940828
59,mazda,#NAME?,#NAME?,-0.366512921,#NAME?,-0.366512921,-0.366512921,1.516671054,1.635085915,1.431530342,1.361999321,2.057201813,1.477511319,0.184795414,0.165677371,0.806792641,1.590311112,2.163267248,1.198212044,2.267776922,2.243142222,0.024634701
60,mazda,#NAME?,#NAME?,-0.366512921,#NAME?,#NAME?,0.32663426,1.524554656,1.644932331,1.4344181,1.38213899,2.051164797,1.569453285,0.199530891,0.199530891,0.766287136,1.488583946,2.137282433,1.318462321,2.206911684,2.221221407,-0.014309723
61,mazda,#NAME?,#NAME?,0.32663426,-0.366512921,#NAME?,0.32663426,1.524554656,1.644932331,1.4344181,1.390381752,2.052504735,1.569453285,0.199530891,0.199530891,0.766287136,1.488583946,2.137282433,1.318462321,2.202458969,2.222665505,-0.020206536
62,mazda,#NAME?,#NAME?,-0.366512921,#NAME?,#NAME?,0.32663426,1.524554656,1.644932331,1.4344181,1.38213899,2.051164797,1.569453285,0.199530891,0.199530891,0.766287136,1.488583946,2.137282433,1.318462321,2.226582439,2.221221407,0.005361032
63,mazda,#NAME?,#NAME?,0.32663426,-0.366512921,#NAME?,0.32663426,1.524554656,1.644932331,1.4344181,1.390381752,2.052504735,1.569453285,0.199530891,0.199530891,0.766287136,1.488583946,2.137282433,1.318462321,2.22295135,2.222665505,0.000285845
64,mazda,-0.366512921,#NAME?,0.32663426,-0.366512921,#NAME?,0.32663426,1.524554656,1.644932331,1.4344181,1.390381752,2.054249632,1.569453285,0.199530891,0.199530891,1.138590703,1.425246549,2.133529848,1.396999671,2.228598166,2.208082657,0.020515509
65,mazda,#NAME?,#NAME?,0.32663426,#NAME?,#NAME?,0.32663426,1.524554656,1.644932331,1.4344181,1.390381752,2.053301191,1.569453285,0.199530891,0.199530891,0.766287136,1.488583946,2.137282433,1.318462321,2.232986202,2.223523873,0.009462328
66,mazda,#NAME?,#NAME?,0.32663426,-0.366512921,-0.366512921,0.32663426,1.537513788,1.641863664,1.432979632,1.385384986,2.065575064,1.59769775,0.280973841,0.140259234,0.732099368,1.56600663,2.142086849,1.247388578,2.283765393,2.258865694,0.024899698
67,mazda,-0.366512921,#NAME?,0.32663426,-0.366512921,-0.366512921,0.32663426,1.537513788,1.641863664,1.432979632,1.385384986,2.066990226,1.588794251,0.209093519,0.256178775,1.128508398,1.453173762,2.121403663,1.366594929,2.284121467,2.23110683,0.053014637
68,buick,-0.366512921,-0.366512921,0.32663426,-0.366512921,-0.366512921,0.475884995,1.547664709,1.658561303,1.447570958,1.39481809,2.099831595,1.650481224,0.243230687,0.256178775,1.121043137,1.571151109,2.125601001,1.264397686,2.317323041,2.302053215,0.015269826
69,buick,-0.366512921,-0.366512921,0.32663426,0.094047828,-0.366512921,0.475884995,1.547664709,1.658561303,1.447570958,1.404242261,2.107726611,1.650481224,0.243230687,0.256178775,1.121043137,1.571151109,2.125601001,1.264397686,2.327158473,2.310561949,0.016596524
70,buick,-0.366512921,-0.366512921,-0.366512921,0.32663426,-0.366512921,0.475884995,1.541163602,1.65513355,1.447570958,1.387671749,2.099132478,1.650481224,0.243230687,0.256178775,1.121043137,1.571151109,2.125601001,1.264397686,2.326909426,2.301299753,0.025609674
71,buick,-0.366512921,-0.366512921,0.32663426,-0.366512921,-0.366512921,0.475884995,1.55817324,1.669824123,1.45219697,1.393938702,2.108372754,1.650481224,0.243230687,0.256178775,1.121043137,1.571151109,2.125601001,1.264397686,2.338040302,2.31125832,0.026781982
72,buick,#NAME?,#NAME?,0.32663426,-0.366512921,-0.366512921,0.732099368,1.55817324,1.669824123,1.45219697,1.39481809,2.107402088,1.696591484,0.216133912,0.12345767,0.74964826,1.618085438,2.136046318,1.169032176,2.345597932,2.329731787,0.015866144
73,buick,#NAME?,#NAME?,-0.366512921,0.32663426,-0.366512921,0.732099368,1.519639836,1.647623885,1.448238749,1.368104004,2.105599641,1.696591484,0.216133912,0.12345767,0.74964826,1.618085438,2.136046318,1.169032176,2.348007886,2.327789228,0.020218658
74,buick,#NAME?,#NAME?,0.32663426,-0.366512921,-0.366512921,0.732099368,1.56756615,1.67485456,1.45219697,1.395693602,2.112481152,1.745732945,0.288932091,0.189760772,0.732099368,1.65152677,2.129639367,1.128508398,2.362772091,2.349578235,0.013193856
75,buick,#NAME?,#NAME?,-0.366512921,0.32663426,-0.366512921,0.732099368,1.551490713,1.666632535,1.453173762,1.389932633,2.106586505,1.743449038,0.288932091,0.189760772,0.732099368,1.65152677,2.129639367,1.128508398,2.372415902,2.342959087,0.029456815
76,mercury,#NAME?,-0.366512921,-0.366512921,#NAME?,-0.366512921,0.32663426,1.532948177,1.645582403,1.439718464,1.387216484,2.076425543,1.59769775,0.284971409,0.129125578,0.732099368,1.641863664,2.142086849,1.233722036,2.273289895,2.286072628,-0.012782733
77,mitsubishi,#NAME?,#NAME?,-0.366512921,#NAME?,#NAME?,0.32663426,1.512948639,1.621001755,1.426743558,1.368104004,2.022743967,1.508907618,0.084857516,0.159122986,0.806792641,1.439718464,2.153215028,1.399157512,2.150844936,2.169779194,-0.018934258
78,mitsubishi,#NAME?,#NAME?,-0.366512921,#NAME?,#NAME?,0.32663426,1.512948639,1.621001755,1.426743558,1.368104004,2.024523658,1.508907618,0.084857516,0.159122986,0.806792641,1.439718464,2.153215028,1.364054633,2.166825941,2.173533102,-0.006707161
79,mitsubishi,#NAME?,#NAME?,-0.366512921,#NAME?,#NAME?,0.32663426,1.512948639,1.621001755,1.426743558,1.368104004,2.028529814,1.508907618,0.084857516,0.159122986,0.806792641,1.439718464,2.153215028,1.364054633,2.175345318,2.177850677,-0.002505358
80,mitsubishi,#NAME?,-0.366512921,-0.366512921,#NAME?,#NAME?,0.32663426,1.511295614,1.621001755,1.424493685,1.368104004,2.037433275,1.522783013,0.103064239,0.199530891,0.707123183,1.531470493,2.153215028,1.298435802,2.191379306,2.210394877,-0.019015571
81,mitsubishi,#NAME?,-0.366512921,-0.366512921,#NAME?,#NAME?,0.32663426,1.518959073,1.639635655,1.430436181,1.360963841,2.050353203,1.547664709,0.143001548,0.216133912,0.700571065,1.558900162,2.153215028,1.291320319,2.21988064,2.232943236,-0.013062596
82,mitsubishi,#NAME?,#NAME?,-0.366512921,#NAME?,#NAME?,0.32663426,1.518959073,1.639635655,1.430436181,1.360963841,2.048049529,1.569453285,0.189760772,0.216133912,0.760836746,1.499028409,2.142086849,1.311994235,2.202511,2.220239766,-0.017728766
83,mitsubishi,#NAME?,-0.366512921,-0.366512921,#NAME?,#NAME?,0.32663426,1.518047357,1.639859836,1.43370021,1.365074562,2.073057645,1.619359729,0.243230687,0.30059868,0.665729811,1.604773801,2.142086849,1.233722036,2.245353257,2.277732993,-0.032379736
84,mitsubishi,#NAME?,-0.366512921,-0.366512921,#NAME?,#NAME?,0.32663426,1.518047357,1.639859836,1.43370021,1.365074562,2.076898474,1.619359729,0.245415443,0.30059868,0.665729811,1.604773801,2.142086849,1.233722036,2.262495516,2.281872388,-0.019376871
85,mitsubishi,#NAME?,-0.366512921,-0.366512921,#NAME?,#NAME?,0.32663426,1.518047357,1.639859836,1.43370021,1.365074562,2.07711278,1.619359729,0.245415443,0.30059868,0.665729811,1.604773801,2.142086849,1.233722036,2.259797107,2.282103353,-0.022306246
86,mitsubishi,#NAME?,#NAME?,0.32663426,-0.366512921,#NAME?,0.32663426,1.518959073,1.63896125,1.430436181,1.37207415,2.050081382,1.569453285,0.189760772,0.216133912,0.760836746,1.499028409,2.142086849,1.311994235,2.180653902,2.222429565,-0.041775663
87,mitsubishi,#NAME?,#NAME?,0.32663426,-0.366512921,#NAME?,0.32663426,1.518959073,1.63896125,1.430436181,1.37207415,2.052238006,1.569453285,0.189760772,0.216133912,0.760836746,1.499028409,2.142086849,1.311994235,2.198395788,2.224753834,-0.026358046
88,mitsubishi,#NAME?,-0.366512921,0.32663426,-0.366512921,#NAME?,0.32663426,1.518959073,1.63896125,1.430436181,1.37207415,2.052131139,1.547664709,0.143001548,0.216133912,0.700571065,1.558900162,2.153215028,1.291320319,2.212168915,2.23485938,-0.022690465
89,mitsubishi,#NAME?,#NAME?,0.32663426,-0.366512921,#NAME?,0.32663426,1.518959073,1.63896125,1.430436181,1.37207415,2.052131139,1.547664709,0.143001548,0.216133912,0.700571065,1.558900162,2.153215028,1.291320319,2.212168915,2.23485938,-0.022690465
90,Nissan,#NAME?,#NAME?,-0.366512921,-0.366512921,#NAME?,0.32663426,1.514819457,1.630761344,1.424493685,1.385844435,2.020726414,1.520543523,0.137500651,0.174698882,0.806792641,1.443172327,2.146681166,1.361482238,2.153193915,2.171605632,-0.018411717
91,nissan,-0.366512921,#NAME?,-0.366512921,-0.366512921,#NAME?,0.32663426,1.514819457,1.630761344,1.424493685,1.385844435,2.029379928,1.533577727,0.091004001,0.218456258,1.127033433,1.388125979,2.137282433,1.44656486,2.1824165,2.16726321,0.01515329
92,nissan,#NAME?,#NAME?,-0.366512921,-0.366512921,#NAME?,0.32663426,1.514819457,1.630761344,1.424493685,1.385844435,2.022743967,1.520543523,0.137500651,0.174698882,0.806792641,1.443172327,2.146681166,1.361482238,2.175004161,2.173780019,0.001224141
93,nissan,#NAME?,#NAME?,0.32663426,-0.366512921,#NAME?,0.32663426,1.514819457,1.630761344,1.424493685,1.385844435,2.024115362,1.520543523,0.137500651,0.174698882,0.806792641,1.443172327,2.146681166,1.361482238,2.178365404,2.175258019,0.003107385
94,nissan,#NAME?,#NAME?,0.32663426,0.094047828,#NAME?,0.32663426,1.514819457,1.636464232,1.424493685,1.38120183,2.029835117,1.520543523,0.137500651,0.174698882,0.806792641,1.443172327,2.146681166,1.361482238,2.186311864,2.181422399,0.004889465
95,nissan,#NAME?,#NAME?,-0.366512921,-0.366512921,#NAME?,0.32663426,1.514819457,1.630761344,1.424493685,1.385844435,2.024998204,1.520543523,0.137500651,0.174698882,0.806792641,1.443172327,2.146681166,1.361482238,2.185544703,2.176209489,0.009335213
96,nissan,#NAME?,#NAME?,-0.366512921,#NAME?,#NAME?,0.32663426,1.514819457,1.631116278,1.424493685,1.380260275,2.030094427,1.520543523,0.137500651,0.174698882,0.806792641,1.443172327,2.146681166,1.361482238,2.19296561,2.181701866,0.011263744
97,nissan,#NAME?,#NAME?,0.32663426,-0.366512921,#NAME?,0.32663426,1.514819457,1.630761344,1.424493685,1.385844435,2.026343502,1.520543523,0.137500651,0.174698882,0.806792641,1.443172327,2.146681166,1.361482238,2.188578973,2.177659364,0.01091961
98,nissan,#NAME?,#NAME?,0.32663426,0.094047828,#NAME?,0.32663426,1.514819457,1.636464232,1.424493685,1.38120183,2.030675763,1.520543523,0.137500651,0.174698882,0.806792641,1.443172327,2.146681166,1.361482238,2.195787079,2.182328393,0.013458687
99,nissan,#NAME?,#NAME?,-0.366512921,0.32663426,#NAME?,0.32663426,1.516209937,1.627290095,1.424493685,1.380260275,2.028792051,1.520543523,0.137500651,0.174698882,0.806792641,1.443172327,2.146681166,1.361482238,2.199205643,2.18029825,0.018907393
100,nissan,#NAME?,#NAME?,0.32663426,#NAME?,#NAME?,0.32663426,1.520993665,1.640083709,1.429703279,1.38676018,2.047827688,1.56600663,0.184795414,0.218456258,0.760836746,1.520543523,2.146681166,1.330831765,2.208197166,2.222810816,-0.01461365
101,nissan,#NAME?,#NAME?,0.32663426,-0.366512921,#NAME?,0.32663426,1.520993665,1.640083709,1.429703279,1.38676018,2.046599806,1.56600663,0.184795414,0.218456258,0.760836746,1.520543523,2.146681166,1.330831765,2.215303685,2.221487484,-0.006183799
102,nissan,#NAME?,#NAME?,0.32663426,-0.366512921,#NAME?,0.583198081,1.528046107,1.649111787,1.4344181,1.388579178,2.084123463,1.648369551,0.209093519,0.169565531,0.787195008,1.614202647,2.146681166,1.2036341,2.252382876,2.296454255,-0.044071379
103,nissan,#NAME?,#NAME?,0.32663426,0.094047828,#NAME?,0.583198081,1.528046107,1.652150852,1.4344181,1.393055407,2.091921454,1.648369551,0.209093519,0.169565531,0.787195008,1.614202647,2.146681166,1.2036341,2.259146557,2.304858423,-0.045711865
104,nissan,#NAME?,#NAME?,0.32663426,-0.366512921,#NAME?,0.583198081,1.528046107,1.652150852,1.4344181,1.388579178,2.082707477,1.648369551,0.209093519,0.169565531,0.787195008,1.614202647,2.146681166,1.238370621,2.252382876,2.293111485,-0.040728609
105,nissan,#NAME?,#NAME?,-0.366512921,#NAME?,-0.366512921,0.583198081,1.507217082,1.637035108,1.439369625,1.362515095,2.083154455,1.648369551,0.209093519,0.169565531,0.787195008,1.624360774,2.146681166,1.238370621,2.277534585,2.295574862,-0.018040278
106,nissan,#NAME?,-0.366512921,-0.366512921,#NAME?,-0.366512921,0.583198081,1.507217082,1.637035108,1.439369625,1.362515095,2.085878226,1.648369551,0.209093519,0.169565531,0.71984935,1.667389292,2.146681166,1.208931715,2.291354581,2.308444044,-0.017089462
107,nissan,#NAME?,#NAME?,-0.366512921,#NAME?,-0.366512921,0.583198081,1.525433939,1.645690495,1.439369625,1.362515095,2.085878226,1.648369551,0.209093519,0.169565531,0.787195008,1.624360774,2.146681166,1.238370621,2.284426376,2.298510366,-0.014083989
108,peugeot,#NAME?,#NAME?,0.32663426,-0.366512921,-0.366512921,0.32663426,1.543555528,1.654316255,1.441107499,1.395693602,2.081066734,1.56600663,0.216133912,0.148438037,0.75529145,1.520543523,2.142086849,1.233722036,2.239037407,2.263712515,-0.024675108
109,peugeot,-0.366512921,-0.366512921,0.32663426,-0.366512921,-0.366512921,0.32663426,1.543555528,1.654316255,1.441107499,1.395693602,2.088149535,1.614202647,0.26875367,0.229889538,1.113344054,1.515978934,2.119967126,1.333813306,2.250024903,2.270839874,-0.020814971
110,peugeot,#NAME?,#NAME?,0.32663426,0.094047828,-0.366512921,0.32663426,1.555604826,1.666347819,1.441107499,1.404242261,2.089421255,1.56600663,0.216133912,0.148438037,0.75529145,1.520543523,2.142086849,1.233722036,2.243755298,2.272716474,-0.028961176
111,peugeot,-0.366512921,-0.366512921,0.32663426,0.094047828,-0.366512921,0.32663426,1.555604826,1.666347819,1.441107499,1.404242261,2.096828943,1.614202647,0.26875367,0.229889538,1.113344054,1.515978934,2.119967126,1.28767246,2.255154043,2.282607132,-0.027453088
112,peugeot,#NAME?,#NAME?,0.32663426,-0.366512921,-0.366512921,0.32663426,1.543555528,1.654316255,1.441107499,1.395693602,2.083316547,1.56600663,0.216133912,-0.243471848,0.75529145,1.515978934,2.142086849,1.233722036,2.267345749,2.265246754,0.002098995
113,peugeot,-0.366512921,-0.366512921,0.32663426,-0.366512921,-0.366512921,0.32663426,1.543555528,1.654316255,1.441107499,1.395693602,2.090260984,1.614202647,0.26875367,0.229889538,1.113344054,1.515978934,2.119967126,1.333813306,2.275734716,2.273115455,0.002619261
114,peugeot,#NAME?,#NAME?,0.32663426,0.094047828,-0.366512921,0.32663426,1.555604826,1.666347819,1.441107499,1.395693602,2.091508681,1.56600663,0.216133912,-0.243471848,0.75529145,1.515978934,2.142086849,1.233722036,2.274480282,2.274075703,0.000404579
115,peugeot,-0.366512921,-0.366512921,0.32663426,0.094047828,-0.366512921,0.32663426,1.555604826,1.666347819,1.441107499,1.404242261,2.098781234,1.614202647,0.26875367,0.229889538,1.113344054,1.515978934,2.119967126,1.28767246,2.276792371,2.284711183,-0.007918813
116,peugeot,#NAME?,#NAME?,0.32663426,-0.366512921,-0.366512921,0.32663426,1.543555528,1.654316255,1.441107499,1.395693602,2.083316547,1.56600663,0.216133912,0.148438037,0.75529145,1.520543523,2.142086849,1.233722036,2.274078984,2.266137216,0.007941768
117,peugeot,-0.366512921,-0.366512921,0.32663426,-0.366512921,-0.366512921,0.32663426,1.543555528,1.654316255,1.441107499,1.395693602,2.090260984,1.614202647,0.26875367,0.229889538,1.113344054,1.515978934,2.119967126,1.333813306,2.281907313,2.273115455,0.008791858
118,peugeot,#NAME?,-0.366512921,0.32663426,-0.366512921,-0.366512921,0.32663426,1.543753397,1.654316255,1.440761184,1.392612284,2.085521556,1.588794251,0.249752588,0.153811426,0.665729811,1.600564068,2.155304976,1.224127541,2.283037869,2.287282696,-0.004244828
119,plymouth,#NAME?,#NAME?,-0.366512921,#NAME?,#NAME?,0.32663426,1.512948639,1.621001755,1.424493685,1.368104004,2.022743967,1.5040351,0.084857516,0.159122986,0.806792641,1.439718464,2.153215028,1.399157512,2.154724014,2.169211105,-0.01448709
120,plymouth,#NAME?,-0.366512921,-0.366512921,#NAME?,#NAME?,0.32663426,1.512948639,1.621001755,1.424493685,1.368104004,2.036395442,1.522783013,0.103064239,0.199530891,0.707123183,1.531470493,2.153215028,1.298435802,2.195201123,2.209276368,-0.014075245
121,plymouth,#NAME?,#NAME?,0.32663426,#NAME?,#NAME?,0.32663426,1.512948639,1.621001755,1.424493685,1.367099201,2.026075682,1.5040351,0.084857516,0.159122986,0.806792641,1.439718464,2.153215028,1.364054633,2.167563572,2.174637684,-0.007074112
122,plymouth,#NAME?,#NAME?,0.32663426,-0.366512921,#NAME?,0.32663426,1.512948639,1.633113151,1.424493685,1.368104004,2.027541126,1.5040351,0.084857516,0.159122986,0.806792641,1.439718464,2.153215028,1.364054633,2.175736244,2.176217044,-0.0004808
123,plymouth,#NAME?,#NAME?,0.32663426,-0.366512921,#NAME?,0.32663426,1.512948639,1.633113151,1.424493685,1.368104004,2.040195562,1.522783013,0.084857516,0.159122986,0.806792641,1.439718464,2.153215028,1.364054633,2.190209701,2.192040998,-0.001831297
124,plymouth,#NAME?,#NAME?,0.32663426,0.094047828,#NAME?,0.32663426,1.53420505,1.641420502,1.427487745,1.408790823,2.058977182,1.569453285,0.189760772,0.216133912,0.760836746,1.499028409,2.142086849,1.298435802,2.207852712,2.232725983,-0.02487327
125,plymouth,#NAME?,-0.366512921,-0.366512921,#NAME?,-0.366512921,0.32663426,1.518047357,1.639859836,1.43370021,1.365074562,2.072389571,1.619359729,0.245415443,0.30059868,0.665729811,1.604773801,2.142086849,1.233722036,2.246478548,2.277012986,-0.030534438
126,porsche,#NAME?,#NAME?,-0.366512921,#NAME?,-0.366512921,0.32663426,1.514819457,1.634970528,1.440761184,1.365074562,2.070588282,1.612887922,0.31567221,0.126300196,0.811504184,1.601979091,2.153215028,1.247388578,2.30254665,2.273057172,0.029489478
127,porcshce,#NAME?,#NAME?,-0.366512921,0.32663426,-0.366512921,0.583198081,1.502796271,1.634970528,1.428967586,1.37207415,2.06958508,1.661623859,0.276938778,0.062703154,0.811504184,1.673861201,2.161333419,1.219173761,2.340829997,2.293156563,0.047673434
128,porsche,#NAME?,#NAME?,-0.366512921,0.32663426,-0.366512921,0.583198081,1.502796271,1.634970528,1.428967586,1.37207415,2.06958508,1.661623859,0.276938778,0.062703154,0.811504184,1.673861201,2.161333419,1.219173761,2.345159694,2.293156563,0.052003131
129,porsche,#NAME?,#NAME?,-0.366512921,0.32663426,-0.366512921,0.583198081,1.502796271,1.634970528,1.428967586,1.37207415,2.071582578,1.661623859,0.276938778,0.062703154,0.811504184,1.673861201,2.161333419,1.219173761,2.353223991,2.295309336,0.057914655
130,porsche,#NAME?,#NAME?,-0.366512921,#NAME?,-0.366512921,0.732099368,1.523671027,1.642636296,1.454145545,1.366594929,2.09451245,1.670195416,0.31567221,0.126300196,0.834032445,1.733946808,2.15836306,1.233722036,2.337428847,2.331981685,0.005447161
131,renault,#NAME?,#NAME?,0.32663426,0.094047828,#NAME?,0.32663426,1.518503793,1.648900068,1.4344181,1.38903135,2.06117026,1.58571922,0.216133912,0.308202496,0.771645477,1.5040351,2.144409168,1.294907491,2.212357484,2.238147229,-0.025789745
132,renault,#NAME?,#NAME?,-0.366512921,#NAME?,#NAME?,0.32663426,1.518503793,1.64384304,1.434776044,1.366594929,2.055138171,1.58571922,0.216133912,0.308202496,0.771645477,1.5040351,2.144409168,1.294907491,2.219180099,2.231646237,-0.012466138
133,saab,#NAME?,#NAME?,-0.366512921,#NAME?,#NAME?,0.32663426,1.525214524,1.654213799,1.4344181,1.393055407,2.065003975,1.567738563,0.23438155,0.114825388,0.802489848,1.547664709,2.147798936,1.268452966,2.238588627,2.250077442,-0.011488815
134,saab,#NAME?,#NAME?,0.32663426,-0.366512921,#NAME?,0.32663426,1.525214524,1.654213799,1.4344181,1.393055407,2.0667556,1.567738563,0.23438155,0.114825388,0.802008043,1.547664709,2.147798936,1.268452966,2.241425304,2.251965229,-0.010539925
135,saab,#NAME?,#NAME?,-0.366512921,#NAME?,#NAME?,0.32663426,1.525214524,1.654213799,1.4344181,1.393055407,2.067317882,1.567738563,-0.070246427,-0.318074468,0.802008043,1.547664709,2.147798936,1.268452966,2.263685063,2.252571221,0.011113841
136,saab,#NAME?,#NAME?,0.32663426,-0.366512921,#NAME?,0.32663426,1.525214524,1.654213799,1.4344181,1.393055407,2.069676652,1.567738563,0.23438155,0.114825388,0.802008043,1.547664709,2.147798936,1.268452966,2.266879182,2.25511335,0.011765833
137,saab,#NAME?,-0.366512921,-0.366512921,#NAME?,#NAME?,0.32663426,1.525214524,1.654213799,1.4344181,1.393055407,2.071941961,1.567738563,0.23438155,0.114825388,0.787195008,1.624360774,2.153215028,1.242924992,2.283037869,2.273851774,0.009186095
138,saab,#NAME?,-0.366512921,0.32663426,-0.366512921,#NAME?,0.32663426,1.525214524,1.654213799,1.4344181,1.393055407,2.073677598,1.567738563,0.23438155,0.114825388,0.787195008,1.624360774,2.153215028,1.242924992,2.285641513,2.275722331,0.009919182
139,subaru,#NAME?,#NAME?,-0.366512921,#NAME?,#NAME?,0.32663426,1.512948639,1.620498253,1.422979136,1.38213899,2.031510362,1.520543523,0.251905163,-0.152380359,0.787195008,1.443172327,2.13971204,1.358876991,2.144821781,2.183364123,-0.038542342
140,subaru,#NAME?,#NAME?,-0.366512921,#NAME?,#NAME?,0.32663426,1.512948639,1.62175414,1.423737888,1.38213899,2.035903801,1.543753397,0.251905163,-0.029656522,0.771645477,1.456393823,2.126964215,1.315252989,2.181683136,2.195665918,-0.013982782
141,subaru,#NAME?,#NAME?,-0.366512921,#NAME?,0.094047828,0.32663426,1.512005907,1.621001755,1.424493685,1.391276964,2.043066824,1.543753397,0.251905163,-0.029656522,0.771645477,1.456393823,2.126964215,1.315252989,2.19012143,2.203385757,-0.013264327
142,subaru,#NAME?,#NAME?,0.32663426,-0.366512921,#NAME?,0.32663426,1.520993665,1.638510087,1.430436181,1.37644935,2.037433275,1.543753397,0.251905163,-0.029656522,0.811504184,1.483130478,2.137282433,1.366594929,2.182844494,2.199844915,-0.017000421
143,subaru,#NAME?,#NAME?,0.32663426,-0.366512921,#NAME?,0.32663426,1.520993665,1.638510087,1.430436181,1.37644935,2.040136212,1.543753397,0.251905163,-0.029656522,0.811504184,1.483130478,2.126964215,1.333813306,2.192621637,2.204472437,-0.011850799
144,subaru,#NAME?,#NAME?,0.32663426,-0.366512921,#NAME?,0.32663426,1.520993665,1.638510087,1.430436181,1.37644935,2.048712479,1.543753397,0.251905163,-0.029656522,0.787195008,1.513652472,2.146681166,1.318462321,2.219891546,2.220472482,-0.000580935
145,subaru,#NAME?,#NAME?,0.32663426,-0.366512921,0.094047828,0.32663426,1.520543523,1.638510087,1.430436181,1.38492448,2.051164797,1.543753397,0.251905163,-0.029656522,0.787195008,1.483130478,2.137282433,1.280186972,2.211624762,2.219162974,-0.007538212
146,subaru,#NAME?,-0.366512921,0.32663426,-0.366512921,0.094047828,0.32663426,1.520543523,1.638510087,1.430436181,1.38492448,2.057711908,1.543753397,0.251905163,-0.029656522,0.713547829,1.549588158,2.137282433,1.294907491,2.233119584,2.238413748,-0.005294165
147,subaru,#NAME?,#NAME?,0.32663426,0.094047828,#NAME?,0.32663426,1.520543523,1.64019553,1.430436181,1.378839622,2.045924454,1.543753397,0.251905163,-0.029656522,0.787195008,1.483130478,2.137282433,1.330831765,2.188039496,2.210866562,-0.022827065
148,subaru,#NAME?,#NAME?,0.32663426,0.094047828,#NAME?,0.32663426,1.520543523,1.64019553,1.430436181,1.378839622,2.054877557,1.543753397,0.251905163,-0.029656522,0.787195008,1.513652472,2.146681166,1.308684643,2.222453296,2.227628172,-0.005174876
149,subaru,#NAME?,#NAME?,0.32663426,0.094047828,0.094047828,0.32663426,1.520318027,1.640307273,1.430436181,1.387671749,2.053036325,1.543753397,0.251905163,-0.029656522,0.787195008,1.483130478,2.137282433,1.28767246,2.195981639,2.220788495,-0.024806857
150,subaru,#NAME?,-0.366512921,0.32663426,0.094047828,0.094047828,0.32663426,1.520318027,1.640307273,1.430436181,1.387671749,2.064621632,1.543753397,0.251905163,-0.029656522,0.713547829,1.549588158,2.137282433,1.264397686,2.23717485,2.247456256,-0.010281406
151,toyota,#NAME?,#NAME?,-0.366512921,#NAME?,#NAME?,0.32663426,1.517589759,1.622752011,1.423737888,1.385844435,2.02727605,1.508907618,0.108981384,0.103064239,0.787195008,1.417583313,2.137282433,1.385844435,2.149955682,2.171041711,-0.021086029
152,toyota,#NAME?,#NAME?,-0.366512921,#NAME?,#NAME?,0.32663426,1.517589759,1.622752011,1.423737888,1.385844435,2.030868896,1.508907618,0.108981384,0.103064239,0.787195008,1.417583313,2.137282433,1.364054633,2.169547126,2.176053449,-0.006506323
153,toyota,#NAME?,#NAME?,0.32663426,#NAME?,#NAME?,0.32663426,1.517589759,1.622752011,1.423737888,1.385844435,2.029249545,1.508907618,0.108981384,0.103064239,0.787195008,1.417583313,2.137282433,1.364054633,2.172215508,2.174308217,-0.00209271
154,toyota,#NAME?,#NAME?,0.32663426,0.094047828,#NAME?,0.32663426,1.517589759,1.635891349,1.423737888,1.405908472,2.045358601,1.508907618,0.108981384,0.103064239,0.787195008,1.417583313,2.137282433,1.361482238,2.179499749,2.191804045,-0.012304296
155,toyota,#NAME?,#NAME?,0.32663426,0.094047828,0.094047828,0.32663426,1.517589759,1.635891349,1.423737888,1.405908472,2.045924454,1.508907618,0.108981384,0.103064239,0.787195008,1.417583313,2.137282433,1.324738086,2.194372162,2.194335596,3.65658E-05
156,toyota,#NAME?,#NAME?,0.32663426,0.094047828,0.094047828,0.32663426,1.517589759,1.635891349,1.423737888,1.405908472,2.084724811,1.508907618,0.108981384,0.103064239,0.787195008,1.417583313,2.137282433,1.324738086,2.206074619,2.236152095,-0.030077476
157,toyota,#NAME?,#NAME?,0.32663426,-0.366512921,#NAME?,0.32663426,1.517589759,1.631941474,1.426743558,1.378839622,2.033476635,1.522783013,0.148438037,0.103064239,0.787195008,1.44656486,2.137282433,1.356238113,2.179826191,2.186544177,-0.006717986
158,toyota,#NAME?,#NAME?,0.32663426,#NAME?,#NAME?,0.32663426,1.517589759,1.631941474,1.426743558,1.377886915,2.03522436,1.522783013,0.148438037,0.103064239,0.787195008,1.44656486,2.137282433,1.356238113,2.183977047,2.188427762,-0.004450715
159,toyota,-0.366512921,#NAME?,0.32663426,-0.366512921,#NAME?,0.32663426,1.517589759,1.631941474,1.426743558,1.378839622,2.045074623,1.547664709,0.169565531,0.189760772,1.135752412,1.392612284,2.129639367,1.374030395,2.194372162,2.190489067,0.003883095
160,toyota,-0.366512921,#NAME?,0.32663426,#NAME?,#NAME?,0.32663426,1.517589759,1.631941474,1.426743558,1.377886915,2.045074623,1.547664709,0.169565531,0.189760772,1.135752412,1.392612284,2.129639367,1.415619441,2.192808102,2.188313968,0.004494134
161,toyota,#NAME?,#NAME?,0.32663426,-0.366512921,#NAME?,0.32663426,1.517589759,1.631941474,1.426743558,1.378839622,2.034291365,1.522783013,0.148438037,0.103064239,0.787195008,1.44656486,2.137282433,1.415619441,2.192089028,2.184316608,0.00777242
162,toyota,#NAME?,#NAME?,0.32663426,#NAME?,#NAME?,0.32663426,1.517589759,1.631941474,1.426743558,1.377886915,2.036026908,1.522783013,0.148438037,0.103064239,0.787195008,1.44656486,2.137282433,1.336752818,2.200660273,2.190311772,0.010348501
163,toyota,#NAME?,#NAME?,0.32663426,-0.366512921,#NAME?,0.32663426,1.517589759,1.631941474,1.426743558,1.377886915,2.037128998,1.522783013,0.148438037,0.103064239,0.787195008,1.44656486,2.137282433,1.336752818,2.211920869,2.191499533,0.020421336
164,toyota,#NAME?,#NAME?,-0.366512921,-0.366512921,-0.366512921,0.32663426,1.514819457,1.634739508,1.425246549,1.376929679,2.03888273,1.522783013,0.148438037,0.103064239,0.787195008,1.44656486,2.137282433,1.342510013,2.196604459,2.193088491,0.003515968
165,toyota,#NAME?,#NAME?,-0.366512921,#NAME?,-0.366512921,0.32663426,1.514819457,1.634739508,1.425246549,1.376929679,2.040964344,1.522783013,0.148438037,0.103064239,0.787195008,1.44656486,2.137282433,1.342510013,2.19905766,2.195331919,0.003725741
166,toyota,#NAME?,#NAME?,-0.366512921,-0.366512921,-0.366512921,0.32663426,1.514819457,1.634739508,1.425246549,1.376929679,2.044504545,1.522783013,0.161755969,0.117720453,0.806792641,1.551490713,2.174163472,1.308684643,2.212392801,2.221385376,-0.008992576
167,toyota,#NAME?,#NAME?,-0.366512921,#NAME?,-0.366512921,0.32663426,1.514819457,1.634739508,1.425246549,1.376929679,2.046487524,1.522783013,0.161755969,0.117720453,0.806792641,1.551490713,2.174163472,1.308684643,2.215177903,2.223522502,-0.008344599
168,toyota,#NAME?,#NAME?,-0.366512921,0.32663426,-0.366512921,0.32663426,1.523671027,1.64318593,1.431166311,1.374030395,2.059228549,1.60615385,0.251905163,0.225351487,0.802008043,1.558900162,2.137282433,1.298435802,2.201858642,2.24895564,-0.047096998
169,toyota,#NAME?,#NAME?,-0.366512921,0.32663426,-0.366512921,0.32663426,1.523671027,1.64318593,1.431166311,1.374030395,2.0590275,1.60615385,0.251905163,0.225351487,0.802008043,1.558900162,2.137282433,1.298435802,2.216326812,2.248738963,-0.032412151
170,toyota,#NAME?,#NAME?,-0.366512921,#NAME?,-0.366512921,0.32663426,1.523671027,1.64318593,1.431166311,1.374030395,2.059779596,1.60615385,0.251905163,0.225351487,0.802008043,1.558900162,2.137282433,1.298435802,2.220207303,2.249549523,-0.029342221
171,toyota,#NAME?,#NAME?,-0.366512921,0.32663426,-0.366512921,0.32663426,1.523671027,1.64318593,1.431166311,1.374030395,2.066001486,1.60615385,0.251905163,0.225351487,0.802008043,1.558900162,2.137282433,1.298435802,2.23254665,2.256255071,-0.023708421
172,toyota,#NAME?,#NAME?,-0.366512921,#NAME?,-0.366512921,0.32663426,1.523671027,1.64318593,1.431166311,1.374030395,2.067644585,1.60615385,0.251905163,0.225351487,0.802008043,1.558900162,2.137282433,1.298435802,2.235841917,2.258025897,-0.022183979
173,toyota,#NAME?,#NAME?,-0.366512921,0.32663426,-0.366512921,0.32663426,1.523671027,1.64318593,1.431166311,1.378839622,2.079191425,1.60615385,0.251905163,0.225351487,0.802008043,1.558900162,2.137282433,1.298435802,2.280295206,2.270470329,0.009824877
174,toyota,#NAME?,#NAME?,0.32663426,-0.366512921,#NAME?,0.32663426,1.532316388,1.642526145,1.4344181,1.387671749,2.047938663,1.569453285,0.179775142,0.23438155,0.771645477,1.508907618,2.121403663,1.342510013,2.208184885,2.220451554,-0.01226667
175,toyota,-0.366512921,-0.366512921,0.32663426,-0.366512921,#NAME?,0.32663426,1.532316388,1.642526145,1.4344181,1.387671749,2.056174685,1.547664709,0.169565531,0.189760772,1.135752412,1.456393823,2.129639367,1.345329729,2.227625753,2.216395571,0.011230181
176,toyota,#NAME?,#NAME?,0.32663426,#NAME?,#NAME?,0.32663426,1.532316388,1.642526145,1.4344181,1.383071794,2.052717669,1.569453285,0.179775142,0.23438155,0.771645477,1.508907618,2.121403663,1.324738086,2.220196431,2.226531525,-0.006335093
177,toyota,#NAME?,#NAME?,0.32663426,-0.366512921,#NAME?,0.32663426,1.532316388,1.642526145,1.4344181,1.387671749,2.052717669,1.569453285,0.179775142,0.23438155,0.771645477,1.508907618,2.121403663,1.324738086,2.22962019,2.226531525,0.003088665
178,toyota,#NAME?,#NAME?,0.32663426,#NAME?,#NAME?,0.32663426,1.532316388,1.642526145,1.4344181,1.383071794,2.055033998,1.569453285,0.179775142,0.23438155,0.771645477,1.508907618,2.121403663,1.324738086,2.233014799,2.229027913,0.003986887
179,toyota,#NAME?,#NAME?,-0.366512921,#NAME?,-0.366512921,0.583198081,1.533368125,1.651004846,1.438670037,1.374030395,2.079233445,1.637376676,0.169565531,0.189760772,0.802008043,1.625587673,2.146681166,1.242924992,2.273632446,2.29006854,-0.016436094
180,toyota,#NAME?,#NAME?,-0.366512921,#NAME?,-0.366512921,0.583198081,1.533368125,1.651004846,1.438670037,1.374030395,2.080901317,1.637376676,0.169565531,0.189760772,0.802008043,1.625587673,2.146681166,1.233722036,2.270084524,2.292347377,-0.022262853
181,toyota,#NAME?,#NAME?,0.32663426,-0.366512921,-0.366512921,0.583198081,1.536692381,1.655438965,1.4344181,1.384000278,2.085561243,1.637376676,0.169565531,0.189760772,0.797148341,1.619359729,2.146681166,1.242924992,2.268074271,2.295673279,-0.027599008
182,toyouta,#NAME?,#NAME?,0.32663426,0.094047828,-0.366512921,0.583198081,1.536692381,1.655438965,1.4344181,1.384000278,2.086352002,1.625587673,0.169565531,0.189760772,0.797148341,1.619359729,2.146681166,1.233722036,2.268469275,2.295632335,-0.027163061
183,vokswagen,-0.366512921,#NAME?,-0.366512921,-0.366512921,#NAME?,0.32663426,1.521218313,1.638170892,1.430801591,1.391276964,2.044275718,1.520543523,0.097072334,0.201940696,1.142786806,1.374030395,2.137282433,1.409606646,2.192621637,2.180980392,0.011641246
184,volkswagen,#NAME?,#NAME?,-0.366512921,-0.366512921,#NAME?,0.32663426,1.521218313,1.638170892,1.430801591,1.391276964,2.041258666,1.545719936,0.148438037,0.201940696,0.787195008,1.491251328,2.147798936,1.330831765,2.195452667,2.207651579,-0.012198912
185,volkswagen,-0.366512921,#NAME?,0.32663426,-0.366512921,#NAME?,0.32663426,1.521218313,1.638170892,1.430801591,1.391276964,2.044447381,1.520543523,0.097072334,0.201940696,1.142786806,1.374030395,2.137282433,1.409606646,2.195731421,2.1811654,0.014566022
186,volkswagen,#NAME?,#NAME?,0.32663426,-0.366512921,#NAME?,0.32663426,1.521218313,1.638170892,1.430801591,1.391276964,2.041434898,1.545719936,0.148438037,0.201940696,0.787195008,1.491251328,2.147798936,1.330831765,2.198477069,2.20784151,-0.009364441
187,volkswagen,#NAME?,#NAME?,0.32663426,-0.366512921,#NAME?,0.32663426,1.521218313,1.638170892,1.430801591,1.391276964,2.045074623,1.545719936,0.148438037,0.201940696,0.787195008,1.491251328,2.147798936,1.330831765,2.202458969,2.211764169,-0.0093052
188,volkswagen,-0.366512921,-0.366512921,0.32663426,-0.366512921,#NAME?,0.32663426,1.521218313,1.638170892,1.430801591,1.391276964,2.04754978,1.520543523,0.097072334,0.201940696,1.142786806,1.439718464,2.129639367,1.401292084,2.214684662,2.197758281,0.016926381
189,volkswagen,#NAME?,#NAME?,0.32663426,-0.366512921,#NAME?,0.32663426,1.521218313,1.638170892,1.430801591,1.391276964,2.046487524,1.545719936,0.148438037,0.201940696,0.834032445,1.527179626,2.153215028,1.318462321,2.220272505,2.220942735,-0.00067023
190,vw,#NAME?,#NAME?,-0.366512921,0.32663426,#NAME?,0.32663426,1.514819457,1.62349647,1.425996499,1.39082986,2.043874167,1.545719936,0.148438037,0.201940696,0.760836746,1.5040351,2.153215028,1.294907491,2.236266776,2.214843094,0.021423682
191,vw,#NAME?,#NAME?,-0.366512921,#NAME?,#NAME?,0.32663426,1.514819457,1.631234418,1.425246549,1.371088885,2.041961979,1.545719936,0.148438037,0.201940696,0.760836746,1.5040351,2.153215028,1.294907491,2.220109418,2.212782262,0.007327156
192,volkswagen,#NAME?,#NAME?,0.32663426,-0.366512921,#NAME?,0.475884995,1.528046107,1.647517079,1.435845894,1.388579178,2.065147019,1.591814506,0.148438037,0.201940696,0.760836746,1.547664709,2.153215028,1.233722036,2.250780437,2.25485505,-0.004074613
193,volkswagen,-0.366512921,-0.366512921,0.32663426,-0.366512921,#NAME?,0.32663426,1.528046107,1.647517079,1.435845894,1.388579178,2.06117026,1.520543523,0.097072334,0.201940696,1.142786806,1.439718464,2.129639367,1.374030395,2.255040494,2.213863328,0.041177166
194,volkswagen,#NAME?,#NAME?,0.32663426,0.094047828,#NAME?,0.32663426,1.528046107,1.650586084,1.435845894,1.388579178,2.060377692,1.545719936,0.148438037,0.201940696,0.787195008,1.499028409,2.153215028,1.308684643,2.242467845,2.230932267,0.011535578
195,volvo,#NAME?,#NAME?,0.32663426,-0.366512921,-0.366512921,0.32663426,1.536280243,1.656452836,1.436909822,1.393497545,2.07651168,1.599137018,0.284971409,0.137500651,0.811504184,1.555234799,2.151082232,1.283962009,2.24792599,2.266806114,-0.018880124
196,volvo,#NAME?,#NAME?,0.32663426,0.094047828,-0.366512921,0.32663426,1.536280243,1.656452836,1.436909822,1.399157512,2.08164376,1.599137018,0.284971409,0.137500651,0.811504184,1.555234799,2.151082232,1.283962009,2.251726311,2.272337135,-0.020610825
197,volvo,#NAME?,#NAME?,0.32663426,-0.366512921,-0.366512921,0.32663426,1.536280243,1.656452836,1.436909822,1.393497545,2.077497495,1.599137018,0.284971409,0.137500651,0.811504184,1.555234799,2.151082232,1.291320319,2.270000542,2.267483723,0.002516819
198,volvo,#NAME?,#NAME?,0.32663426,0.094047828,-0.366512921,0.32663426,1.536280243,1.656452836,1.436909822,1.399157512,2.081972146,1.599137018,0.284971409,0.137500651,0.811504184,1.555234799,2.151082232,1.291320319,2.27336474,2.272306211,0.00105853
199,volvo,#NAME?,-0.366512921,0.32663426,-0.366512921,-0.366512921,0.32663426,1.536280243,1.656452836,1.436909822,1.393497545,2.082095041,1.582587536,0.251905163,0.137500651,0.700571065,1.626805486,2.144409168,1.2036341,2.284542531,2.289057172,-0.00451464
200,volvo,#NAME?,-0.366512921,0.32663426,0.094047828,-0.366512921,0.32663426,1.536280243,1.656452836,1.436909822,1.399157512,2.08658813,1.582587536,0.251905163,0.137500651,0.700571065,1.626805486,2.144409168,1.2036341,2.287426704,2.293899531,-0.006472827
201,volvo,#NAME?,#NAME?,0.32663426,-0.366512921,-0.366512921,0.32663426,1.545915385,1.656452836,1.442829734,1.390381752,2.07822057,1.599137018,0.284971409,0.137500651,0.811504184,1.555234799,2.151082232,1.283962009,2.275399815,2.268647844,0.006751971
202,volvo,#NAME?,-0.366512921,0.32663426,-0.366512921,-0.366512921,0.32663426,1.545915385,1.656452836,1.442486526,1.390381752,2.082258688,1.599137018,0.284971409,0.137500651,0.771645477,1.624360774,2.148904881,1.238370621,2.28793428,2.288869422,-0.000935142
203,volvo,#NAME?,#NAME?,0.32663426,-0.366512921,-0.366512921,0.583198081,1.545915385,1.656452836,1.442829734,1.390381752,2.080735653,1.639635655,0.243230687,0.05288845,0.776914507,1.588794251,2.153215028,1.219173761,2.30009302,2.286015399,0.014077621
204,volvo,-0.366512921,-0.366512921,0.32663426,-0.366512921,-0.366512921,0.583198081,1.545915385,1.656452836,1.442829734,1.390381752,2.088922025,1.604773801,0.097072334,0.201940696,1.142786806,1.539753179,2.137282433,1.301906994,2.304576745,2.276879688,0.027697057
205,volvo,#NAME?,-0.366512921,0.32663426,-0.366512921,-0.366512921,0.32663426,1.545915385,1.656452836,1.442829734,1.390381752,2.08278888,1.599137018,0.284971409,0.137500651,0.811504184,1.555234799,2.151082232,1.238370621,2.305262582,2.275955692,0.02930689
